date,srtg_price_idr,TBIG,MDKA,ADRO,AADI,MPMX,AGII,NRCA,jci_idx,nav_idr_bn,nav_per_share_idr,discount_to_nav_pct
2024-12-05,2670.0,1930.0,1920.0,2340.0,6650.0,990.0,1570.0,356.0,,60450.48,4461.29,40.15
2024-12-06,2590.0,1940.0,1910.0,2300.0,7975.0,990.0,1560.0,358.0,,61848.43,4564.46,43.26
2024-12-09,2780.0,1950.0,1920.0,2680.0,9550.0,995.0,1560.0,376.0,,65652.87,4845.23,42.62
2024-12-10,2650.0,1955.0,1990.0,2730.0,10275.0,995.0,1575.0,364.0,,67117.76,4953.34,46.5
2024-12-11,2510.0,1955.0,1985.0,2610.0,9600.0,1000.0,1550.0,358.0,,65729.02,4850.85,48.26
2024-12-12,2370.0,1940.0,1945.0,2530.0,9200.0,1000.0,1550.0,358.0,,64579.03,4765.98,50.27
2024-12-13,2350.0,1985.0,1925.0,2580.0,9200.0,995.0,1555.0,356.0,,65032.41,4799.44,51.04
2024-12-16,2310.0,1980.0,1900.0,2600.0,9250.0,995.0,1530.0,352.0,,65024.42,4798.85,51.86
2024-12-17,2250.0,1980.0,1840.0,2510.0,8925.0,990.0,1525.0,350.0,,63913.59,4716.87,52.3
2024-12-18,2240.0,1975.0,1760.0,2590.0,8650.0,985.0,1510.0,348.0,,63537.31,4689.1,52.23
2024-12-19,2160.0,1960.0,1615.0,2540.0,8350.0,970.0,1490.0,344.0,,62106.97,4583.54,52.87
2024-12-20,2050.0,1900.0,1595.0,2550.0,8075.0,975.0,1460.0,346.0,,61309.96,4524.72,54.69
2024-12-23,2080.0,1910.0,1630.0,2540.0,7600.0,975.0,1455.0,346.0,,60936.11,4497.13,53.75
2024-12-24,2080.0,1955.0,1580.0,2510.0,7725.0,985.0,1435.0,348.0,,61045.6,4505.21,53.83
2024-12-27,2060.0,2150.0,1570.0,2540.0,8175.0,985.0,1430.0,346.0,,63064.14,4654.18,55.74
2024-12-30,2090.0,2100.0,1615.0,2430.0,8475.0,985.0,1400.0,352.0,,62743.0,4630.48,54.86
2025-01-02,2070.0,2100.0,1595.0,2530.0,8225.0,985.0,1415.0,356.0,,62833.65,4637.17,55.36
2025-01-03,2030.0,2070.0,1600.0,2460.0,7850.0,985.0,1405.0,354.0,,61863.2,4565.55,55.54
2025-01-06,1840.0,2070.0,1550.0,2380.0,7675.0,980.0,1430.0,352.0,,61033.81,4504.34,59.15
2025-01-07,1905.0,2080.0,1510.0,2470.0,7875.0,980.0,1395.0,348.0,,61569.44,4543.87,58.08
2025-01-08,1845.0,2070.0,1360.0,2400.0,7800.0,975.0,1325.0,344.0,,60332.05,4452.55,58.56
2025-01-09,1790.0,2050.0,1340.0,2340.0,7700.0,970.0,1320.0,346.0,,59676.91,4404.2,59.36
2025-01-10,1815.0,2030.0,1410.0,2320.0,8475.0,965.0,1315.0,346.0,,60672.29,4477.66,59.47
2025-01-13,1825.0,2030.0,1475.0,2350.0,8350.0,955.0,1325.0,342.0,,60951.83,4498.29,59.43
2025-01-14,1905.0,2030.0,1635.0,2360.0,8725.0,965.0,1325.0,346.0,,62225.67,4592.3,58.52
2025-01-15,1930.0,2070.0,1610.0,2400.0,8825.0,980.0,1295.0,350.0,,62730.94,4629.59,58.31
2025-01-16,1925.0,2070.0,1600.0,2410.0,8800.0,980.0,1305.0,350.0,,62704.79,4627.66,58.4
2025-01-17,1920.0,2080.0,1610.0,2400.0,8900.0,980.0,1330.0,348.0,,62901.54,4642.18,58.64
2025-01-20,1925.0,2090.0,1700.0,2350.0,8925.0,980.0,1435.0,346.0,,63222.27,4665.85,58.74
2025-01-21,1925.0,2090.0,1650.0,2310.0,8850.0,980.0,1485.0,346.0,,62722.14,4628.94,58.41
2025-01-22,1885.0,2050.0,1650.0,2320.0,8925.0,980.0,1460.0,346.0,,62565.09,4617.35,59.18
2025-01-23,1900.0,2050.0,1605.0,2340.0,9100.0,980.0,1410.0,348.0,,62639.21,4622.82,58.9
2025-01-24,1845.0,2000.0,1600.0,2300.0,9075.0,980.0,1415.0,346.0,,62039.76,4578.58,59.7
2025-01-30,1835.0,2020.0,1580.0,2300.0,9625.0,975.0,1360.0,346.0,,62708.86,4627.96,60.35
2025-01-31,1915.0,2070.0,1565.0,2330.0,9450.0,980.0,1360.0,348.0,,62943.82,4645.3,58.78
2025-02-03,1850.0,2080.0,1450.0,2310.0,9050.0,965.0,1385.0,344.0,,61872.28,4566.22,59.49
2025-02-04,1840.0,2100.0,1500.0,2330.0,8975.0,965.0,1380.0,344.0,,62256.56,4594.58,59.95
2025-02-05,1820.0,2090.0,1475.0,2360.0,8850.0,965.0,1365.0,346.0,,62057.51,4579.89,60.26
2025-02-06,1800.0,2090.0,1430.0,2290.0,8325.0,955.0,1360.0,342.0,,60863.21,4491.75,59.93
2025-02-07,1775.0,2110.0,1420.0,2270.0,8150.0,965.0,1315.0,338.0,,60667.69,4477.32,60.36
2025-02-10,1750.0,2180.0,1490.0,2210.0,7975.0,955.0,1295.0,334.0,,60974.32,4499.95,61.11
2025-02-11,1760.0,2190.0,1455.0,2150.0,7750.0,950.0,1155.0,330.0,,60272.43,4448.15,60.43
2025-02-12,1750.0,2200.0,1505.0,2240.0,8050.0,950.0,1160.0,332.0,,61365.1,4528.79,61.36
2025-02-13,1705.0,2200.0,1670.0,2210.0,7950.0,955.0,1175.0,332.0,,61901.82,4568.4,62.68
2025-02-14,1760.0,2210.0,1650.0,2240.0,8000.0,960.0,1250.0,332.0,,62116.32,4584.23,61.61
2025-02-17,1885.0,2220.0,1800.0,2280.0,8250.0,955.0,1270.0,336.0,,63377.28,4677.29,59.7
2025-02-18,1885.0,2240.0,1800.0,2260.0,8375.0,960.0,1300.0,338.0,,63594.89,4693.35,59.84
2025-02-19,1850.0,2220.0,1750.0,2250.0,8075.0,955.0,1305.0,336.0,,62801.81,4634.82,60.08
2025-02-20,1890.0,2190.0,1810.0,2200.0,7650.0,950.0,1325.0,332.0,,62123.77,4584.78,58.78
2025-02-21,1890.0,2240.0,1825.0,2180.0,7675.0,950.0,1325.0,334.0,,62486.5,4611.55,59.02
2025-02-24,1865.0,2210.0,1715.0,2190.0,7600.0,955.0,1320.0,332.0,,61721.61,4555.1,59.06
2025-02-25,1800.0,2200.0,1545.0,2100.0,7325.0,940.0,1305.0,330.0,,60049.81,4431.72,59.38
2025-02-26,1760.0,2210.0,1595.0,2110.0,7150.0,945.0,1305.0,320.0,,60209.56,4443.51,60.39
2025-02-27,1760.0,2190.0,1455.0,2070.0,7250.0,945.0,1325.0,322.0,,59338.84,4379.25,59.81
2025-02-28,1625.0,2160.0,1400.0,2070.0,6725.0,930.0,1330.0,314.0,,58205.92,4295.64,62.17
2025-03-03,1865.0,2200.0,1525.0,2050.0,6625.0,940.0,1285.0,324.0,,58882.47,4345.57,57.08
2025-03-04,1690.0,2180.0,1470.0,1910.0,6225.0,920.0,1280.0,324.0,,57288.18,4227.91,60.03
2025-03-05,1750.0,2190.0,1480.0,1900.0,6375.0,930.0,1275.0,324.0,,57560.54,4248.01,58.8
2025-03-06,1850.0,2190.0,1475.0,2050.0,6775.0,940.0,1295.0,328.0,,58755.65,4336.21,57.34
2025-03-07,1850.0,2210.0,1530.0,2000.0,6475.0,940.0,1230.0,330.0,,58546.3,4320.76,57.18
2025-03-10,1845.0,2200.0,1400.0,1915.0,6675.0,940.0,1210.0,326.0,,57685.33,4257.22,56.66
2025-03-11,1775.0,2180.0,1310.0,1850.0,6575.0,935.0,1200.0,322.0,,56673.01,4182.51,57.56
2025-03-12,1840.0,2150.0,1330.0,1850.0,6500.0,935.0,1215.0,328.0,,56470.03,4167.53,55.85
2025-03-13,1750.0,2160.0,1340.0,1865.0,6575.0,950.0,1215.0,322.0,,56785.88,4190.84,58.24
2025-03-14,1690.0,2110.0,1340.0,1810.0,6475.0,950.0,1210.0,322.0,,56047.27,4136.33,59.14
2025-03-17,1670.0,2070.0,1440.0,1815.0,6700.0,945.0,1210.0,326.0,,56512.44,4170.66,59.96
2025-03-18,1635.0,2030.0,1420.0,1795.0,6350.0,935.0,1195.0,318.0,,55591.99,4102.73,60.15
2025-03-19,1630.0,2050.0,1410.0,1800.0,6825.0,935.0,1190.0,324.0,,56272.34,4152.94,60.75
2025-03-20,1595.0,2050.0,1430.0,1800.0,6825.0,935.0,1180.0,324.0,,56363.93,4159.7,61.66
2025-03-21,1530.0,1965.0,1375.0,1800.0,6800.0,930.0,1155.0,318.0,,55445.79,4091.94,62.61
2025-03-24,1470.0,1965.0,1345.0,1750.0,6550.0,920.0,1155.0,316.0,,54744.71,4040.2,63.62
2025-03-25,1535.0,1965.0,1350.0,1745.0,6375.0,955.0,1165.0,320.0,,54629.94,4031.73,61.93
2025-03-26,1590.0,1980.0,1450.0,1840.0,6575.0,975.0,1195.0,308.0,,55956.62,4129.64,61.5
2025-03-27,1605.0,1990.0,1430.0,1845.0,6525.0,990.0,1195.0,306.0,,55935.76,4128.1,61.12
2025-04-08,1405.0,1820.0,1220.0,1645.0,5750.0,945.0,1140.0,288.0,,51726.72,3817.47,63.2
2025-04-09,1225.0,1900.0,1040.0,1650.0,5750.0,955.0,1130.0,290.0,,51492.98,3800.22,67.77
2025-04-10,1390.0,1935.0,1220.0,1700.0,6000.0,975.0,1135.0,294.0,,53180.77,3924.78,64.58
2025-04-11,1475.0,1935.0,1305.0,1715.0,5900.0,975.0,1110.0,294.0,,53528.19,3950.42,62.66
2025-04-14,1490.0,1940.0,1440.0,1765.0,6350.0,975.0,1150.0,300.0,,54985.76,4057.99,63.28
2025-04-15,1485.0,1975.0,1430.0,1800.0,6475.0,995.0,1130.0,300.0,,55547.28,4099.43,63.78
2025-04-16,1480.0,1975.0,1415.0,1800.0,6925.0,990.0,1120.0,298.0,,55992.39,4132.28,64.18
2025-04-17,1540.0,1975.0,1645.0,1800.0,6850.0,995.0,1140.0,298.0,,57010.41,4207.41,63.4
2025-04-21,1535.0,1975.0,1695.0,1805.0,6750.0,995.0,1175.0,302.0,,57163.79,4218.73,63.61
2025-04-22,1570.0,1980.0,1665.0,1880.0,7250.0,1010.0,1155.0,304.0,,58037.9,4283.24,63.35
2025-04-23,1515.0,1990.0,1570.0,1850.0,7075.0,1020.0,1170.0,306.0,,57340.48,4231.77,64.2
2025-04-24,1525.0,1970.0,1610.0,1875.0,7050.0,1020.0,1165.0,312.0,,57475.58,4241.74,64.05
2025-04-25,1560.0,1975.0,1680.0,1880.0,7075.0,1030.0,1175.0,316.0,,57924.76,4274.89,63.51
2025-04-28,1545.0,1980.0,1660.0,1900.0,7050.0,1035.0,1190.0,316.0,,57948.74,4276.66,63.87
2025-04-29,1540.0,1980.0,1720.0,1900.0,6900.0,1035.0,1265.0,324.0,,58079.37,4286.3,64.07
2025-04-30,1530.0,1990.0,1670.0,1900.0,6725.0,1030.0,1250.0,324.0,,57690.07,4257.57,64.06
2025-05-02,1500.0,1995.0,1690.0,1885.0,6725.0,1030.0,1255.0,338.0,,57752.67,4262.19,64.81
2025-05-05,1520.0,2060.0,1680.0,1860.0,6975.0,1025.0,1245.0,350.0,,58332.34,4304.97,64.69
2025-05-06,1540.0,2180.0,1780.0,1875.0,6925.0,1035.0,1220.0,346.0,,59691.82,4405.3,65.04
2025-05-07,1690.0,2200.0,1855.0,1900.0,6975.0,1035.0,1225.0,344.0,,60368.77,4455.26,62.07
2025-05-08,1625.0,2100.0,1800.0,1895.0,7150.0,1035.0,1220.0,340.0,,59575.29,4396.7,63.04
2025-05-09,1575.0,2060.0,1805.0,1855.0,6975.0,1040.0,1210.0,340.0,,58925.56,4348.75,63.78
2025-05-14,1570.0,2080.0,1770.0,1915.0,7325.0,1045.0,1225.0,340.0,,59619.59,4399.97,64.32
2025-05-15,1620.0,2020.0,1830.0,1915.0,7300.0,1060.0,1235.0,342.0,,59486.53,4390.15,63.1
2025-05-16,1665.0,2020.0,1935.0,2150.0,7300.0,1065.0,1285.0,342.0,,61129.33,4511.39,63.09
2025-05-19,1810.0,2020.0,2070.0,2320.0,7775.0,1085.0,1300.0,344.0,,63193.95,4663.76,61.19
2025-05-20,1720.0,2020.0,2020.0,2210.0,7400.0,1070.0,1280.0,342.0,,61946.13,4571.67,62.38
2025-05-21,1685.0,2030.0,2050.0,2160.0,7425.0,1075.0,1270.0,342.0,,61960.76,4572.75,63.15
2025-05-22,1730.0,2040.0,2030.0,2150.0,7250.0,1075.0,1230.0,342.0,,61670.79,4551.35,61.99
2025-05-23,1715.0,2030.0,2040.0,2100.0,7200.0,1100.0,1200.0,340.0,,61403.45,4531.62,62.15
2025-05-26,1680.0,2000.0,2060.0,2090.0,7350.0,1110.0,1190.0,340.0,,61435.84,4534.01,62.95
2025-05-27,1780.0,2200.0,2040.0,2290.0,7325.0,1100.0,1195.0,340.0,,63668.06,4698.75,62.12
2025-05-28,1750.0,2200.0,2020.0,2200.0,7225.0,1095.0,1175.0,340.0,,63008.18,4650.05,62.37
2025-06-02,1715.0,2220.0,2120.0,2130.0,7100.0,1080.0,1160.0,340.0,,63100.59,4656.87,63.17
2025-06-03,1685.0,2240.0,2070.0,2100.0,7025.0,1080.0,1115.0,338.0,,62761.43,4631.84,63.62
2025-06-04,1715.0,2310.0,2240.0,2100.0,6975.0,1080.0,1095.0,338.0,,64000.31,4723.27,63.69
2025-06-05,1640.0,2310.0,2160.0,2120.0,6850.0,1080.0,1125.0,318.0,,63575.38,4691.91,65.05
2025-06-10,1610.0,2290.0,2140.0,2110.0,7025.0,1090.0,1115.0,318.0,,63519.55,4687.79,65.66
2025-06-11,1635.0,2210.0,2230.0,2120.0,7225.0,970.0,1110.0,318.0,,63352.62,4675.47,65.03
2025-06-12,1615.0,2200.0,2190.0,2120.0,7100.0,960.0,1100.0,318.0,,62915.77,4643.23,65.22
2025-06-13,1615.0,2200.0,2230.0,1995.0,7125.0,970.0,1110.0,318.0,,62568.21,4617.58,65.02
2025-06-16,1700.0,2150.0,2200.0,2000.0,7250.0,965.0,1110.0,314.0,,62227.43,4592.43,62.98
2025-06-17,1670.0,2110.0,2250.0,2000.0,7175.0,960.0,1100.0,314.0,,62073.91,4581.1,63.55
2025-06-18,1655.0,2140.0,2240.0,1990.0,7175.0,960.0,1080.0,312.0,,62186.78,4589.43,63.94
2025-06-19,1590.0,2100.0,2140.0,1925.0,7075.0,950.0,1055.0,310.0,,60967.28,4499.43,64.66
2025-06-20,1605.0,2090.0,2020.0,1860.0,7075.0,950.0,1025.0,306.0,,60009.16,4428.72,63.76
2025-06-23,1565.0,2080.0,2040.0,1800.0,6950.0,940.0,1000.0,300.0,,59565.26,4395.96,64.4
2025-06-24,1625.0,2120.0,1995.0,1815.0,7025.0,945.0,985.0,314.0,,59808.21,4413.89,63.18
2025-06-25,1600.0,2140.0,1805.0,1785.0,6825.0,960.0,985.0,308.0,,58710.25,4332.86,63.07
2025-06-26,1600.0,2070.0,1830.0,1790.0,6700.0,965.0,985.0,310.0,,58217.44,4296.49,62.76
2025-06-30,1610.0,2300.0,2000.0,1830.0,6750.0,965.0,970.0,310.0,,60909.28,4495.15,64.18
2025-07-01,1575.0,2120.0,2030.0,1830.0,6725.0,965.0,990.0,312.0,,59742.36,4409.03,64.28
2025-07-02,1555.0,2010.0,1995.0,1775.0,6700.0,960.0,985.0,312.0,,58485.59,4316.28,63.97
2025-07-03,1600.0,1980.0,2090.0,1760.0,6925.0,965.0,990.0,312.0,,58929.49,4349.04,63.21
2025-07-04,1600.0,2000.0,2070.0,1755.0,7000.0,960.0,980.0,316.0,,59027.59,4356.28,63.27
2025-07-07,1625.0,2000.0,2050.0,1740.0,6950.0,960.0,980.0,312.0,,58801.85,4339.62,62.55
2025-07-08,1620.0,2000.0,2080.0,1745.0,6900.0,960.0,985.0,314.0,,58910.25,4347.62,62.74
2025-07-09,1605.0,2010.0,2110.0,1740.0,6850.0,970.0,990.0,316.0,,59067.84,4359.25,63.18
2025-07-10,1625.0,2020.0,2110.0,1840.0,6975.0,970.0,985.0,320.0,,59762.0,4410.48,63.16
2025-07-11,1625.0,2040.0,2110.0,1870.0,7000.0,980.0,990.0,338.0,,60106.58,4435.91,63.37
2025-07-14,1600.0,1995.0,2090.0,1825.0,6925.0,975.0,980.0,422.0,,59384.64,4382.63,63.49
2025-07-15,1690.0,1995.0,2150.0,1815.0,7025.0,975.0,980.0,525.0,,59754.55,4409.93,61.68
2025-07-16,1685.0,1970.0,2130.0,1840.0,6925.0,975.0,985.0,655.0,,59503.06,4391.37,61.63
2025-07-17,1765.0,2020.0,2210.0,1830.0,6825.0,975.0,980.0,815.0,,60095.06,4435.06,60.2
2025-07-18,1840.0,1995.0,2420.0,1835.0,6825.0,975.0,980.0,815.0,,60933.67,4496.95,59.08
2025-07-21,1960.0,1995.0,2450.0,1885.0,6750.0,975.0,980.0,1015.0,,61254.67,4520.64,56.64
2025-07-22,1975.0,1980.0,2340.0,1965.0,6975.0,975.0,975.0,1015.0,,61272.42,4521.95,56.32
2025-07-23,2020.0,1970.0,2440.0,2020.0,7175.0,975.0,970.0,1015.0,,62170.65,4588.24,55.97
2025-07-24,1990.0,1955.0,2420.0,1975.0,6925.0,980.0,965.0,1015.0,,61470.25,4536.55,56.13
2025-07-25,1950.0,2000.0,2370.0,1915.0,6875.0,975.0,935.0,1015.0,,61188.68,4515.77,56.82
2025-07-28,1965.0,2000.0,2590.0,1925.0,7025.0,975.0,950.0,1015.0,,62458.86,4609.51,57.37
2025-07-29,1950.0,1990.0,2640.0,1920.0,6950.0,970.0,940.0,1015.0,,62495.72,4612.23,57.72
2025-07-30,1920.0,1965.0,2550.0,1900.0,6875.0,960.0,930.0,1015.0,,61679.19,4551.97,57.82
2025-07-31,1900.0,1955.0,2360.0,1850.0,6800.0,955.0,945.0,915.0,,60359.56,4454.58,57.35
2025-08-01,1915.0,1985.0,2450.0,1865.0,6850.0,955.0,930.0,990.0,,61136.65,4511.93,57.56
2025-08-04,1875.0,1985.0,2360.0,1900.0,6775.0,965.0,920.0,900.0,,60797.49,4486.9,58.21
2025-08-05,1875.0,1940.0,2330.0,1865.0,6975.0,960.0,900.0,890.0,,60383.95,4456.38,57.93
2025-08-06,1895.0,1925.0,2400.0,1860.0,7100.0,965.0,920.0,975.0,,60763.35,4484.38,57.74
2025-08-07,1825.0,1950.0,2490.0,1870.0,7125.0,965.0,900.0,970.0,,61437.87,4534.16,59.75
2025-08-08,1745.0,1935.0,2470.0,1790.0,7325.0,960.0,890.0,1000.0,,61080.83,4507.81,61.29
2025-08-11,1780.0,1925.0,2390.0,1810.0,7200.0,965.0,910.0,850.0,,60574.73,4470.46,60.18
2025-08-12,1795.0,1920.0,2280.0,1860.0,7075.0,965.0,910.0,725.0,,60090.05,4434.69,59.52
2025-08-13,1780.0,1915.0,2280.0,1830.0,6950.0,965.0,910.0,775.0,,59771.22,4411.16,59.65
2025-08-14,1865.0,1920.0,2270.0,1840.0,6975.0,970.0,910.0,740.0,,59844.25,4416.55,57.77
2025-08-15,1825.0,1900.0,2220.0,1810.0,6875.0,960.0,900.0,730.0,,59173.93,4367.08,58.21
2025-08-19,1845.0,1940.0,2310.0,1800.0,6875.0,960.0,900.0,755.0,,59841.54,4416.35,58.22
2025-08-20,1855.0,1920.0,2320.0,1810.0,6850.0,965.0,900.0,845.0,,59790.19,4412.56,57.96
2025-08-21,1805.0,1925.0,2280.0,1780.0,6850.0,960.0,885.0,840.0,,59475.96,4389.37,58.88
2025-08-22,1805.0,1915.0,2280.0,1775.0,6825.0,960.0,895.0,840.0,,59354.15,4380.38,58.79
2025-08-25,1815.0,1930.0,2260.0,1740.0,6825.0,960.0,890.0,825.0,,59196.43,4368.74,58.45
2025-08-26,1820.0,1930.0,2230.0,1735.0,7275.0,960.0,890.0,805.0,,59559.97,4395.57,58.59
2025-08-27,1975.0,1925.0,2390.0,1805.0,7025.0,960.0,880.0,1005.0,,60345.2,4453.52,55.65
2025-08-28,1900.0,1935.0,2510.0,1770.0,6975.0,960.0,880.0,960.0,,60751.97,4483.54,57.62
2025-08-29,1855.0,1920.0,2470.0,1755.0,6900.0,955.0,860.0,990.0,,60281.24,4448.8,58.3
2025-09-01,1815.0,1845.0,2490.0,1720.0,7050.0,955.0,820.0,915.0,,59827.45,4415.31,58.89
2025-09-02,1880.0,1810.0,2570.0,1720.0,7175.0,960.0,840.0,910.0,,60121.76,4437.03,57.63
2025-09-03,1895.0,1805.0,2550.0,1730.0,7175.0,960.0,835.0,875.0,,60032.19,4430.42,57.23
2025-09-04,2030.0,1850.0,2620.0,1760.0,7250.0,960.0,830.0,855.0,,60911.72,4495.33,54.84
2025-09-08,2000.0,1865.0,2640.0,1720.0,7075.0,950.0,805.0,760.0,,60668.91,4477.41,55.33
2025-09-09,2000.0,1855.0,2700.0,1685.0,7025.0,945.0,775.0,950.0,,60662.27,4476.92,55.33
2025-09-10,1950.0,1840.0,2600.0,1685.0,7000.0,950.0,770.0,1120.0,,60089.1,4434.62,56.03
2025-09-11,1920.0,1840.0,2500.0,1680.0,7050.0,950.0,765.0,1050.0,,59639.38,4401.43,56.38
2025-09-12,1925.0,1885.0,2530.0,1670.0,7000.0,935.0,735.0,1080.0,,59953.33,4424.6,56.49
2025-09-15,1910.0,1835.0,2520.0,1680.0,7025.0,945.0,715.0,1085.0,,59645.88,4401.91,56.61
2025-09-16,1930.0,1835.0,2540.0,1650.0,6975.0,940.0,830.0,1045.0,,59555.37,4395.23,56.09
2025-09-17,1880.0,1790.0,2490.0,1675.0,7100.0,940.0,805.0,1025.0,,59253.47,4372.95,57.01
2025-09-18,1940.0,1815.0,2370.0,1640.0,6975.0,940.0,805.0,975.0,,58542.64,4320.49,55.1
2025-09-19,1945.0,1740.0,2380.0,1665.0,7100.0,940.0,820.0,950.0,,58321.77,4304.19,54.81
2025-09-22,1980.0,1785.0,2520.0,1660.0,7075.0,940.0,810.0,900.0,,59241.55,4372.07,54.71
2025-09-23,1930.0,1785.0,2450.0,1760.0,7250.0,940.0,815.0,930.0,,59599.27,4398.47,56.12
2025-09-24,1880.0,1760.0,2280.0,1730.0,7450.0,935.0,815.0,915.0,,58695.35,4331.76,56.6
2025-09-25,1765.0,1765.0,2070.0,1725.0,7600.0,935.0,790.0,915.0,,57883.7,4271.86,58.68
2025-09-26,1790.0,1750.0,2220.0,1700.0,7625.0,935.0,795.0,910.0,,58397.52,4309.78,58.47
2025-09-29,1790.0,1735.0,2200.0,1725.0,7450.0,935.0,800.0,900.0,,58107.82,4288.4,58.26
2025-09-30,1760.0,1740.0,2110.0,1690.0,7450.0,935.0,805.0,905.0,,57553.49,4247.49,58.56
2025-10-01,1745.0,1825.0,2060.0,1670.0,7400.0,930.0,880.0,905.0,,57780.32,4264.23,59.08
2025-10-02,1740.0,1785.0,2120.0,1670.0,7600.0,935.0,1000.0,910.0,,58065.14,4285.25,59.4
2025-10-03,1740.0,1765.0,2120.0,1660.0,7450.0,930.0,1250.0,900.0,,57759.86,4262.72,59.18
2025-10-06,1735.0,1900.0,2130.0,1655.0,7350.0,930.0,1560.0,930.0,,58729.09,4334.25,59.97
2025-10-07,1775.0,1895.0,2240.0,1650.0,7500.0,930.0,1560.0,1000.0,,59377.73,4382.12,59.49
2025-10-08,1875.0,1895.0,2280.0,1850.0,8325.0,925.0,1950.0,950.0,,61593.69,4545.66,58.75
2025-10-09,1805.0,1905.0,2300.0,1730.0,7650.0,930.0,1950.0,910.0,,60397.23,4457.36,59.51
2025-10-10,1780.0,1850.0,2370.0,1750.0,7700.0,935.0,1950.0,905.0,,60501.7,4465.07,60.14
2025-10-13,1745.0,1800.0,2370.0,1725.0,7825.0,930.0,1950.0,880.0,,60156.99,4439.63,60.69
2025-10-14,1700.0,1845.0,2350.0,1705.0,7800.0,925.0,1950.0,795.0,,60233.82,4445.3,61.76
2025-10-15,1630.0,1865.0,2350.0,1680.0,7875.0,920.0,1950.0,775.0,,60330.7,4452.45,63.39
2025-10-16,1630.0,1860.0,2400.0,1675.0,7850.0,920.0,1950.0,780.0,,60478.93,4463.39,63.48
2025-10-17,1560.0,1960.0,2340.0,1650.0,7800.0,920.0,1755.0,755.0,,60667.69,4477.32,65.16
2025-10-20,1655.0,1885.0,2280.0,1695.0,7900.0,930.0,1580.0,755.0,,60152.11,4439.27,62.72
2025-10-21,1700.0,1900.0,2370.0,1805.0,8025.0,930.0,1500.0,775.0,,61334.62,4526.54,62.44
2025-10-22,1670.0,1895.0,2270.0,1775.0,7950.0,930.0,1600.0,780.0,,60625.95,4474.24,62.68
2025-10-23,1640.0,1870.0,2230.0,1790.0,7900.0,935.0,1580.0,755.0,,60273.11,4448.2,63.13
2025-10-24,1650.0,1890.0,2220.0,1760.0,7825.0,940.0,1440.0,760.0,,60107.66,4435.99,62.8
2025-10-27,1660.0,1855.0,2250.0,1785.0,7975.0,945.0,1380.0,695.0,,60280.43,4448.74,62.69
2025-10-28,1700.0,1825.0,2170.0,1785.0,8150.0,960.0,1445.0,675.0,,59949.67,4424.33,61.58
2025-10-29,1750.0,1860.0,2460.0,1935.0,8350.0,965.0,1360.0,690.0,,62510.35,4613.31,62.07
2025-10-30,1740.0,1910.0,2500.0,1980.0,8625.0,965.0,1310.0,700.0,,63582.16,4692.41,62.92
2025-10-31,1720.0,2380.0,2440.0,1885.0,8550.0,970.0,1320.0,755.0,,66138.77,4881.09,64.76
2025-11-03,1735.0,2250.0,2420.0,1940.0,8325.0,970.0,1200.0,745.0,,65072.93,4802.43,63.87
2025-11-04,1690.0,2140.0,2420.0,1905.0,8275.0,970.0,1100.0,690.0,,64022.53,4724.91,64.23
2025-11-05,1645.0,2200.0,2430.0,1890.0,8225.0,960.0,1130.0,680.0,,64350.44,4749.11,65.36
2025-11-06,1695.0,2180.0,2430.0,1920.0,8675.0,970.0,1250.0,675.0,,64943.79,4792.9,64.64
2025-11-07,1675.0,2200.0,2420.0,1945.0,8525.0,965.0,1350.0,840.0,,65023.6,4798.79,65.1
2025-11-10,1675.0,2220.0,2500.0,1960.0,8725.0,970.0,1335.0,1020.0,,65887.69,4862.56,65.55
2025-11-11,1670.0,2220.0,2500.0,1950.0,8700.0,965.0,1440.0,920.0,,65815.2,4857.21,65.62
2025-11-12,1670.0,2230.0,2420.0,1965.0,8700.0,970.0,1405.0,935.0,,65583.76,4840.13,65.5
2025-11-13,1640.0,2170.0,2460.0,1930.0,8750.0,965.0,1400.0,1040.0,,65238.51,4814.65,65.94
2025-11-14,1605.0,2000.0,2410.0,1880.0,8700.0,965.0,1345.0,985.0,,63465.63,4683.81,65.73
2025-11-17,1600.0,2000.0,2260.0,1910.0,8750.0,970.0,1305.0,1165.0,,62985.14,4648.35,65.58
2025-11-18,1595.0,1995.0,2170.0,1880.0,8000.0,965.0,1265.0,1160.0,,61468.49,4536.42,64.84
2025-11-19,1605.0,2000.0,2240.0,1920.0,7850.0,965.0,1300.0,1220.0,,61867.94,4565.9,64.85
2025-11-20,1600.0,1985.0,2170.0,1905.0,7725.0,970.0,1365.0,1095.0,,61224.46,4518.41,64.59
2025-11-21,1600.0,1985.0,2270.0,1870.0,7650.0,965.0,1400.0,1110.0,,61442.61,4534.51,64.72
2025-11-24,1595.0,1980.0,2300.0,1875.0,7750.0,965.0,1370.0,1250.0,,61702.5,4553.69,64.97
2025-11-25,1580.0,1985.0,2300.0,1855.0,7675.0,965.0,1390.0,1560.0,,61606.84,4546.63,65.25
2025-11-26,1595.0,1985.0,2340.0,1845.0,7750.0,960.0,1580.0,1560.0,,61882.85,4567.0,65.08
2025-11-27,1590.0,1990.0,2350.0,1810.0,7425.0,960.0,1525.0,1790.0,,61432.58,4533.77,64.93
2025-11-28,1590.0,1985.0,2280.0,1810.0,7500.0,960.0,1580.0,1790.0,,61171.2,4514.48,64.78
2025-12-01,1600.0,1980.0,2310.0,1820.0,7425.0,960.0,1550.0,1790.0,,61227.17,4518.61,64.59
2025-12-02,1585.0,1980.0,2280.0,1840.0,7600.0,960.0,1570.0,1790.0,,61393.42,4530.88,65.02
2025-12-03,1595.0,1975.0,2260.0,1850.0,7600.0,960.0,1570.0,1790.0,,61310.77,4524.78,64.75
2025-12-04,1595.0,1975.0,2250.0,1810.0,7525.0,960.0,1560.0,1790.0,,60981.37,4500.47,64.56
2025-12-05,1585.0,1985.0,2230.0,1815.0,7450.0,960.0,1555.0,1790.0,,60891.8,4493.86,64.73
2025-12-08,1585.0,1985.0,2330.0,1900.0,7575.0,960.0,1715.0,1790.0,,61966.05,4573.14,65.34
2025-12-09,1555.0,1980.0,2240.0,1835.0,7425.0,960.0,1700.0,1790.0,,61013.48,4502.84,65.47
2025-12-10,1510.0,1935.0,2280.0,1830.0,7375.0,950.0,1630.0,1790.0,,60751.43,4483.5,66.32
2025-12-11,1505.0,1925.0,2200.0,1780.0,7075.0,955.0,1595.0,1965.0,,59737.07,4408.64,65.86
2025-12-12,1460.0,1900.0,2250.0,1780.0,7125.0,945.0,1565.0,1965.0,,59819.59,4414.73,66.93
2025-12-15,1505.0,1970.0,2350.0,1825.0,7175.0,960.0,1470.0,1965.0,,61074.73,4507.36,66.61
2025-12-16,1490.0,1970.0,2310.0,1805.0,7100.0,955.0,1715.0,2010.0,,60770.94,4484.94,66.78
2025-12-17,1490.0,2030.0,2290.0,1815.0,7025.0,960.0,1670.0,2000.0,,61061.18,4506.36,66.94
2025-12-18,1480.0,2170.0,2200.0,1900.0,7075.0,955.0,1630.0,1975.0,,62070.25,4580.83,67.69
2025-12-19,1470.0,2140.0,2190.0,1900.0,7050.0,955.0,1595.0,1780.0,,61739.22,4556.4,67.74
2025-12-22,1450.0,2140.0,2260.0,1895.0,7050.0,960.0,1600.0,1555.0,,62027.16,4577.65,68.32
2025-12-23,1450.0,2300.0,2230.0,1905.0,7025.0,960.0,1550.0,1530.0,,63027.01,4651.44,68.83
2025-12-24,1460.0,2490.0,2200.0,1890.0,6975.0,955.0,1510.0,1605.0,,64098.0,4730.48,69.14
2025-12-29,1505.0,2810.0,2320.0,1945.0,7025.0,960.0,1570.0,1525.0,,67291.33,4966.15,69.69
2025-12-30,1580.0,2680.0,2280.0,1810.0,6975.0,965.0,1515.0,1525.0,,65467.91,4831.58,67.3
2026-01-02,1550.0,2600.0,2330.0,1820.0,7050.0,965.0,1590.0,1670.0,,65313.98,4820.22,67.84
2026-01-05,1535.0,2550.0,2480.0,1840.0,7025.0,980.0,1565.0,1570.0,,65747.17,4852.19,68.36
2026-01-06,1640.0,2450.0,2700.0,1865.0,7075.0,975.0,1555.0,1635.0,,66245.68,4888.98,66.46
2026-01-07,1675.0,2400.0,2720.0,2010.0,7350.0,990.0,1520.0,1470.0,,67000.68,4944.7,66.13
2026-01-08,1610.0,2340.0,2560.0,2030.0,7400.0,990.0,1530.0,1310.0,,65948.8,4867.07,66.92
2026-01-09,1630.0,2330.0,2700.0,2100.0,7250.0,985.0,1630.0,1365.0,,66721.42,4924.09,66.9
2026-01-12,1625.0,2280.0,2890.0,2150.0,7150.0,985.0,1585.0,1180.0,,67341.2,4969.83,67.3
2026-01-13,1885.0,2110.0,3120.0,2290.0,7450.0,990.0,1625.0,1135.0,,68253.92,5037.19,62.58
2026-01-14,1820.0,2170.0,3060.0,2230.0,7450.0,995.0,1565.0,1210.0,,68118.7,5027.21,63.8
2026-01-15,1820.0,2240.0,2990.0,2230.0,7500.0,1010.0,1610.0,1185.0,,68394.71,5047.58,63.94
2026-01-19,1815.0,2240.0,3060.0,2170.0,7500.0,1015.0,1610.0,1345.0,,68476.96,5053.65,64.09
2026-01-20,1825.0,2230.0,3210.0,2240.0,7500.0,1025.0,1635.0,1275.0,,69470.58,5126.98,64.4
2026-01-21,1790.0,2200.0,3310.0,2260.0,7425.0,1015.0,1600.0,1230.0,,69693.07,5143.4,65.2
2026-01-22,1915.0,2170.0,3240.0,2350.0,7975.0,1020.0,1590.0,1195.0,,70230.6,5183.07,63.05
2026-01-23,1925.0,2100.0,3300.0,2400.0,8450.0,1030.0,1565.0,1190.0,,70830.86,5227.37,63.17
2026-01-26,2010.0,1990.0,3450.0,2390.0,8425.0,1025.0,1640.0,1040.0,,70665.42,5215.16,61.46
2026-01-27,1950.0,2020.0,3210.0,2290.0,7950.0,1020.0,1950.0,1010.0,,68785.08,5076.39,61.59
2026-01-28,1810.0,1815.0,3240.0,2210.0,7700.0,1000.0,1840.0,860.0,,66679.55,4921.0,63.22
2026-01-29,1730.0,1840.0,3170.0,2220.0,7400.0,1000.0,2000.0,840.0,,66266.0,4890.48,64.63
2026-01-30,1765.0,1785.0,3210.0,2210.0,7600.0,1000.0,1930.0,810.0,,66225.22,4887.47,63.89
2026-02-02,1600.0,1750.0,2730.0,2140.0,8075.0,1000.0,1750.0,695.0,,63861.01,4712.99,66.05
2026-02-03,1620.0,1800.0,2950.0,2150.0,8300.0,1015.0,1955.0,865.0,,65698.8,4848.62,66.59
2026-02-04,1695.0,1775.0,3030.0,2180.0,8200.0,1010.0,1930.0,860.0,,65902.05,4863.62,65.15
2026-02-05,1695.0,1765.0,3060.0,2100.0,8200.0,1015.0,2200.0,795.0,,65677.66,4847.06,65.03
2026-02-06,1620.0,1695.0,2850.0,2080.0,8025.0,1010.0,2170.0,740.0,,63852.21,4712.34,65.62
2026-02-09,1645.0,1685.0,3040.0,2130.0,7975.0,1005.0,2160.0,785.0,,64849.22,4785.92,65.63
2026-02-10,1695.0,1710.0,3090.0,2170.0,8275.0,1010.0,2250.0,825.0,,65855.57,4860.19,65.12
2026-02-11,1730.0,1745.0,3160.0,2220.0,8600.0,1010.0,2240.0,880.0,,67064.1,4949.38,65.05
2026-02-12,1730.0,1800.0,3190.0,2220.0,8650.0,1020.0,2200.0,845.0,,67665.85,4993.79,65.36
2026-02-13,1765.0,1720.0,3220.0,2220.0,8700.0,1015.0,2160.0,830.0,,67268.16,4964.44,64.45
2026-02-18,1770.0,1750.0,3290.0,2250.0,8900.0,1020.0,2160.0,835.0,,68206.23,5033.67,64.84
2026-02-19,1840.0,1760.0,3530.0,2300.0,9550.0,1020.0,2500.0,835.0,,70523.82,5204.71,64.65
2026-02-20,1840.0,1770.0,3590.0,2300.0,9325.0,1020.0,3120.0,790.0,,70796.58,5224.84,64.78
2026-02-23,1860.0,1745.0,3740.0,2320.0,9300.0,1025.0,3120.0,795.0,,71406.6,5269.86,64.7
2026-02-24,1770.0,1735.0,3790.0,2290.0,8950.0,1020.0,3100.0,760.0,,70991.02,5239.19,66.22
2026-02-25,1815.0,1750.0,3820.0,2370.0,9225.0,1030.0,3150.0,725.0,,71981.26,5312.27,65.83
2026-02-26,1790.0,1700.0,3640.0,2320.0,9250.0,1020.0,3000.0,740.0,,70495.23,5202.6,65.59
2026-02-27,1820.0,1670.0,3750.0,2340.0,9250.0,1025.0,3290.0,725.0,,70995.9,5239.55,65.26
2026-03-02,1845.0,1690.0,3940.0,2410.0,9900.0,1010.0,3300.0,660.0,,73094.53,5394.43,65.8
2026-03-03,1815.0,1700.0,3660.0,2470.0,10575.0,1015.0,3270.0,670.0,,72930.17,5382.3,66.28
2026-03-04,1645.0,1575.0,3430.0,2400.0,10300.0,1005.0,3330.0,620.0,,70276.67,5186.47,68.28
2026-03-05,1675.0,1585.0,3620.0,2430.0,10325.0,1015.0,3330.0,620.0,,71444.54,5272.66,68.23
2026-03-06,1620.0,1575.0,3480.0,2400.0,10300.0,1010.0,3330.0,600.0,,70522.87,5204.64,68.87
2026-03-09,1500.0,1445.0,3330.0,2350.0,10450.0,995.0,3330.0,565.0,,68781.02,5076.09,70.45
2026-03-10,1555.0,1480.0,3500.0,2380.0,10375.0,1005.0,3330.0,600.0,,69919.76,5160.13,69.87
2026-03-11,1555.0,1495.0,3370.0,2350.0,9625.0,1000.0,3330.0,570.0,,68365.31,5045.41,69.18
2026-03-12,1565.0,1520.0,3370.0,2500.0,10175.0,1000.0,3400.0,550.0,,69926.4,5160.62,69.67
2026-03-13,1555.0,1490.0,3190.0,2480.0,10375.0,995.0,3400.0,520.0,,68984.81,5091.13,69.46
2026-03-16,1605.0,1550.0,3060.0,2440.0,10350.0,995.0,3400.0,500.0,,68575.74,5060.94,68.29
2026-03-17,1645.0,1620.0,3310.0,2450.0,10500.0,1000.0,3400.0,500.0,,70495.77,5202.64,68.38
2026-03-25,1700.0,1625.0,3190.0,2630.0,11175.0,1015.0,3390.0,565.0,,71663.1,5288.79,67.86
2026-03-26,1735.0,1640.0,3240.0,2580.0,10975.0,1020.0,3070.0,555.0,,71445.36,5272.72,67.09
2026-03-27,1705.0,1640.0,3230.0,2540.0,10725.0,1010.0,2890.0,560.0,,70832.22,5227.47,67.38
2026-03-30,1745.0,1640.0,3100.0,2620.0,11675.0,1005.0,3400.0,550.0,,71863.78,5303.6,67.1
2026-03-31,1735.0,1625.0,3140.0,2580.0,11275.0,980.0,3600.0,560.0,,71282.08,5260.67,67.02
2026-04-01,1765.0,1640.0,3340.0,2490.0,10625.0,985.0,3400.0,570.0,,71091.16,5246.58,66.36
2026-04-02,1775.0,1625.0,3260.0,2500.0,10850.0,985.0,3330.0,545.0,,70894.01,5232.03,66.07
2026-04-06,1705.0,1625.0,3250.0,2510.0,10875.0,970.0,3310.0,545.0,,70879.78,5230.98,67.41
2026-04-07,1690.0,1630.0,3160.0,2410.0,10550.0,960.0,3230.0,550.0,,69580.61,5135.1,67.09
2026-04-08,1760.0,1680.0,3300.0,2420.0,10200.0,975.0,3370.0,585.0,,70319.76,5189.65,66.09
2026-04-09,1720.0,1680.0,3230.0,2410.0,10200.0,970.0,3230.0,575.0,,69883.99,5157.49,66.65
2026-04-10,1720.0,1715.0,3220.0,2440.0,10125.0,980.0,3330.0,605.0,,70201.19,5180.9,66.8
2026-04-13,1740.0,1730.0,3150.0,2480.0,10450.0,980.0,3210.0,650.0,,70521.79,5204.56,66.57
2026-04-14,1790.0,1755.0,3210.0,2450.0,10300.0,995.0,3160.0,660.0,,70688.18,5216.84,65.69
2026-04-15,1805.0,1760.0,3350.0,2520.0,10800.0,995.0,3110.0,665.0,,72295.89,5335.49,66.17
2026-04-16,1805.0,1775.0,3320.0,2510.0,10950.0,995.0,3290.0,760.0,,72460.39,5347.63,66.25
2026-04-17,1800.0,1780.0,3370.0,2560.0,11300.0,1000.0,3260.0,705.0,,73379.62,5415.47,66.76
2026-04-20,1785.0,1785.0,3350.0,2530.0,10950.0,1000.0,3230.0,670.0,,72749.54,5368.97,66.75
2026-04-21,1760.0,1785.0,3370.0,2500.0,10875.0,1000.0,3240.0,720.0,,72623.39,5359.66,67.16
2026-04-22,1775.0,1810.0,3400.0,2520.0,10975.0,1000.0,3240.0,770.0,,73164.72,5399.61,67.13
2026-04-23,1770.0,1845.0,3380.0,2510.0,10925.0,1005.0,3160.0,710.0,,73192.49,5401.66,67.23
2026-04-24,1755.0,1875.0,3380.0,2510.0,10850.0,990.0,3120.0,615.0,,73253.6,5406.17,67.54
2026-04-27,1810.0,1875.0,3470.0,2510.0,11000.0,990.0,3150.0,635.0,,73868.91,5451.58,66.8
2026-04-28,1835.0,1870.0,3420.0,2410.0,10900.0,990.0,3030.0,630.0,,72965.12,5384.88,65.92
2026-04-29,1840.0,1855.0,3400.0,2440.0,11300.0,995.0,3100.0,630.0,,73413.22,5417.95,66.04
2026-04-30,1795.0,1745.0,3230.0,2520.0,11600.0,985.0,3000.0,615.0,,72500.49,5350.59,66.45
2026-05-04,1840.0,1705.0,3200.0,2500.0,10975.0,995.0,2860.0,600.0,,71218.8,5256.0,64.99
2026-05-05,1825.0,1705.0,3100.0,2510.0,10525.0,1005.0,3180.0,630.0,,70389.27,5194.78,64.87
2026-05-06,1790.0,1645.0,3110.0,2530.0,10225.0,1005.0,3080.0,615.0,,69715.43,5145.05,65.21
2026-05-07,1775.0,1645.0,3200.0,2500.0,9750.0,1015.0,3080.0,605.0,,69460.55,5126.24,65.37
2026-05-08,1690.0,1600.0,2780.0,2490.0,9425.0,1015.0,3030.0,570.0,,66699.88,4922.5,65.67
2026-05-11,1700.0,1580.0,2870.0,2450.0,9150.0,1005.0,2930.0,560.0,,66409.77,4901.09,65.31
2026-05-12,1710.0,1510.0,2870.0,2600.0,9450.0,1015.0,3090.0,560.0,,67052.58,4948.53,65.44
2026-05-13,1665.0,1475.0,2730.0,2520.0,9175.0,1010.0,3020.0,555.0,,65399.75,4826.55,65.5
2026-05-14,1665.0,1475.0,2730.0,2520.0,9175.0,1010.0,3020.0,555.0,,65399.75,4826.55,65.5
2026-05-15,1665.0,1475.0,2730.0,2520.0,9175.0,1010.0,3020.0,555.0,,65399.75,4826.55,65.5
2026-05-18,1680.0,1410.0,2660.0,2460.0,8950.0,1005.0,2950.0,515.0,,64012.64,4724.18,64.44
2026-05-19,1585.0,1310.0,2500.0,2330.0,8200.0,995.0,2810.0,488.0,,60963.75,4499.17,64.77
2026-05-20,1590.0,1320.0,2350.0,2230.0,8125.0,1000.0,2740.0,488.0,,59752.38,4409.77,63.94
2026-05-21,1590.0,1305.0,2180.0,2210.0,7775.0,995.0,2690.0,444.0,,58297.52,4302.4,63.04
2026-05-22,1645.0,1330.0,2720.0,2350.0,8225.0,995.0,2760.0,476.0,,62254.8,4594.45,64.2
2026-05-25,1625.0,1340.0,2850.0,2300.0,8250.0,1035.0,2860.0,476.0,,62864.82,4639.47,64.97
2026-05-26,1645.0,1470.0,2720.0,2300.0,8325.0,1090.0,2700.0,478.0,,63357.63,4675.84,64.82
2026-05-27,1645.0,1470.0,2720.0,2300.0,8325.0,1090.0,2700.0,478.0,,63357.63,4675.84,64.82
2026-05-28,1645.0,1470.0,2720.0,2300.0,8325.0,1090.0,2700.0,478.0,,63357.63,4675.84,64.82
2026-05-29,1560.0,1525.0,2590.0,2300.0,8400.0,1135.0,2740.0,490.0,,63352.21,4675.44,66.63
2026-06-02,1560.0,1460.0,2640.0,2280.0,8325.0,1130.0,2810.0,498.0,,62950.59,4645.8,66.42
2026-06-03,1470.0,1365.0,2320.0,2180.0,8000.0,1115.0,2800.0,480.0,,59854.55,4417.31,66.72
2026-06-04,1410.0,1500.0,2490.0,2270.0,8025.0,1115.0,2750.0,470.0,,62063.88,4580.36,69.22
2026-06-05,1375.0,1455.0,2570.0,2240.0,7575.0,1090.0,2600.0,410.0,,61327.71,4526.03,69.62
2026-06-08,1250.0,1480.0,2420.0,2170.0,7450.0,1070.0,2410.0,354.0,,60198.58,4442.7,71.86
2026-06-09,1325.0,1525.0,2580.0,2250.0,7875.0,915.0,2560.0,410.0,,61822.01,4562.51,70.96
2026-06-10,1370.0,1530.0,2660.0,2300.0,7975.0,930.0,2650.0,410.0,,62657.91,4624.2,70.37
2026-06-11,1390.0,1470.0,2470.0,2250.0,8050.0,925.0,2550.0,400.0,,61136.52,4511.92,69.19
2026-06-12,1435.0,1445.0,2540.0,2280.0,8650.0,945.0,2680.0,414.0,,62233.93,4592.91,68.76
2026-06-15,1495.0,1375.0,2740.0,2320.0,8275.0,955.0,2730.0,450.0,,62472.95,4610.55,67.57
2026-06-17,1515.0,1430.0,2730.0,2330.0,8125.0,955.0,2660.0,464.0,,62669.29,4625.04,67.24
2026-06-18,1520.0,1425.0,2860.0,2260.0,8050.0,950.0,2620.0,470.0,,62802.76,4634.89,67.21
2026-06-19,1515.0,1350.0,2930.0,2220.0,7875.0,955.0,2670.0,464.0,,62227.97,4592.47,67.01
2026-06-22,1505.0,1400.0,2940.0,2290.0,8100.0,955.0,2610.0,448.0,,63210.75,4665.0,67.74
2026-06-23,1485.0,1435.0,2840.0,2290.0,7975.0,960.0,2620.0,456.0,,62856.82,4638.88,67.99
2026-06-24,1435.0,1390.0,2720.0,2250.0,7975.0,955.0,2620.0,436.0,,61761.85,4558.07,68.52
2026-06-25,1485.0,1400.0,2900.0,2290.0,8075.0,980.0,2650.0,446.0,,63067.26,4654.41,68.09
2026-06-26,1475.0,1425.0,2690.0,2250.0,8050.0,970.0,2530.0,424.0,,61967.13,4573.22,67.75
2026-06-29,1480.0,1450.0,2630.0,2280.0,7950.0,960.0,2600.0,416.0,,61881.36,4566.89,67.59
2026-06-30,1590.0,1415.0,2420.0,2260.0,7775.0,945.0,2480.0,402.0,,60259.02,4447.16,64.25
2026-07-01,1560.0,1425.0,2540.0,2260.0,7875.0,955.0,2500.0,410.0,,61048.98,4505.46,65.38
2026-07-02,1530.0,1410.0,2540.0,2280.0,7900.0,960.0,2520.0,416.0,,61086.25,4508.21,66.06
2026-07-03,1555.0,1450.0,2700.0,2300.0,7975.0,960.0,2590.0,426.0,,62335.56,4600.41,66.2
2026-07-06,1560.0,1420.0,2710.0,2300.0,8000.0,975.0,2830.0,422.0,,62309.27,4598.47,66.08
2026-07-07,1570.0,1405.0,2720.0,2350.0,8125.0,970.0,3240.0,424.0,,62748.56,4630.89,66.1
2026-07-08,1545.0,1390.0,2570.0,2300.0,8100.0,970.0,3080.0,412.0,,61613.61,4547.13,66.02
2026-07-09,1550.0,1405.0,2570.0,2290.0,8075.0,975.0,2980.0,420.0,,61626.76,4548.1,65.92
2026-07-10,1585.0,1420.0,2570.0,2390.0,8175.0,985.0,2900.0,454.0,,62333.79,4600.28,65.55
2026-07-13,1615.0,1425.0,2640.0,2450.0,8375.0,990.0,3240.0,464.0,,63341.1,4674.62,65.45
2026-07-14,1620.0,1440.0,2660.0,2480.0,8425.0,990.0,3180.0,462.0,,63725.92,4703.02,65.55
2026-07-15,1675.0,1455.0,2650.0,2480.0,8475.0,990.0,3010.0,464.0,,63792.99,4707.97,64.42
2026-07-16,1685.0,1430.0,2660.0,2510.0,8500.0,985.0,2980.0,515.0,,63819.82,4709.95,64.22
2026-07-17,1710.0,1415.0,2660.0,2490.0,8750.0,1000.0,2980.0,500.0,,63948.82,4719.47,63.77
2026-07-20,1795.0,1425.0,2670.0,2570.0,9050.0,995.0,3000.0,510.0,,64798.0,4782.14,62.46
2026-07-21,1760.0,1415.0,2720.0,2540.0,9000.0,990.0,3030.0,535.0,,64761.41,4779.44,63.18
2026-07-22,1750.0,1410.0,2730.0,2580.0,9025.0,995.0,2980.0,515.0,,64987.29,4796.11,63.51
2026-07-23,1740.0,1390.0,2780.0,2540.0,9025.0,995.0,2950.0,510.0,,64880.65,4788.24,63.66
2026-07-24,1710.0,1375.0,2650.0,2540.0,8825.0,985.0,2830.0,496.0,,63857.76,4712.75,63.72
2026-07-27,1760.0,1420.0,2640.0,2520.0,9000.0,975.0,2800.0,490.0,,64208.3,4738.62,62.86
2026-07-28,1730.0,1450.0,2630.0,2460.0,8825.0,985.0,2930.0,480.0,,63946.65,4719.31,63.34
2026-07-29,1730.0,1380.0,2610.0,2450.0,8850.0,980.0,2840.0,470.0,,63292.19,4671.01,62.96
2026-07-30,1735.0,1415.0,2690.0,2510.0,9275.0,990.0,2890.0,474.0,,64749.89,4778.59,63.69
2026-07-31,1785.0,1445.0,2720.0,2460.0,9225.0,1010.0,3130.0,496.0,,64936.75,4792.38,62.75
2026-08-03,1750.0,1445.0,2720.0,2470.0,9100.0,1000.0,3020.0,492.0,,64776.72,4780.57,63.39
2026-08-04,1715.0,1420.0,2910.0,2520.0,9175.0,1000.0,2990.0,515.0,,65817.77,4857.4,64.69
2026-08-05,1740.0,1415.0,2910.0,2550.0,9100.0,1005.0,3020.0,535.0,,65860.99,4860.59,64.2
2026-08-06,1775.0,1405.0,2840.0,2500.0,8950.0,1005.0,2990.0,530.0,,65033.23,4799.5,63.02
2026-08-07,1820.0,1410.0,2940.0,2540.0,9175.0,1005.0,2910.0,530.0,,65973.73,4868.91,62.62
2026-08-10,1830.0,1400.0,3040.0,2530.0,9175.0,1005.0,2900.0,525.0,,66323.86,4894.75,62.61
2026-08-11,1800.0,1340.0,2920.0,2530.0,9225.0,1005.0,2890.0,510.0,,65381.6,4825.21,62.7
2026-08-12,1830.0,1385.0,2890.0,2500.0,9300.0,1000.0,2880.0,530.0,,65494.33,4833.53,62.14
2026-08-13,1825.0,1375.0,2850.0,2470.0,9100.0,1000.0,2920.0,535.0,6307.52001953125,64867.43,4787.26,61.88
2026-08-14,1840.0,1395.0,2900.0,2530.0,9425.0,1005.0,2920.0,530.0,6401.88818359375,65928.5,4865.57,62.18
2026-08-18,1865.0,1445.0,2880.0,2570.0,9725.0,1000.0,2920.0,545.0,6449.830078125,66725.69,4924.41,62.13
2026-08-19,1880.0,1400.0,2850.0,2560.0,9725.0,1005.0,2920.0,560.0,6394.125,66229.68,4887.8,61.54
2026-08-20,1925.0,1410.0,2940.0,2560.0,9900.0,1015.0,2870.0,545.0,6501.5849609375,66941.49,4940.33,61.04
2026-08-21,1915.0,1450.0,2950.0,2550.0,9800.0,1015.0,2880.0,575.0,6525.68994140625,67116.23,4953.23,61.34
2026-08-24,1935.0,1455.0,2960.0,2630.0,10250.0,1020.0,2780.0,590.0,6501.6669921875,68096.2,5025.55,61.5
2026-08-26,1900.0,1470.0,3020.0,2610.0,10000.0,1010.0,2750.0,565.0,6405.68505859375,68058.11,5022.74,62.17
2026-08-27,nan,nan,nan,nan,nan,nan,nan,nan,nan,nan,nan,nan
2026-08-28,nan,nan,nan,nan,nan,nan,nan,nan,nan,nan,nan,nan
2026-08-31,1855.0,1465.0,2940.0,2840.0,10825.0,1015.0,2990.0,605.0,6525.47802734375,69806.16,5151.75,63.99
2026-09-01,1840.0,1480.0,2910.0,2780.0,10875.0,1020.0,3010.0,595.0,6599.94287109375,69562.37,5133.75,64.16
2026-09-02,1805.0,1455.0,2880.0,2650.0,10650.0,1025.0,3000.0,585.0,6595.77587890625,68365.41,5045.42,64.22
2026-09-03,1805.0,1510.0,2920.0,2740.0,11175.0,1030.0,3020.0,590.0,6667.89111328125,70016.04,5167.24,65.07
2026-09-04,1795.0,1515.0,2900.0,2720.0,11250.0,1030.0,2990.0,575.0,6636.47509765625,69939.24,5161.57,65.22
